<?xml version="1.0"?>
<config xmlns:xsi="http://www.w3.org/2001/XMLSchema-instance" xsi:noNamespaceSchemaLocation="urn:magento:framework:ObjectManager/etc/config.xsd">
    <preference for="Nikunj\CheckoutCustomForm\Api\Data\CustomFieldsInterface" type="Nikunj\CheckoutCustomForm\Model\Data\CustomFields" />
    <preference for="Nikunj\CheckoutCustomForm\Api\CustomFieldsRepositoryInterface" type="Nikunj\CheckoutCustomForm\Model\CustomFieldsRepository" />
    <preference for="Nikunj\CheckoutCustomForm\Api\CustomFieldsGuestRepositoryInterface" type="Nikunj\CheckoutCustomForm\Model\CustomFieldsGuestRepository" />
	
	<type name="Magento\Framework\View\Element\UiComponent\DataProvider\CollectionFactory">
        <arguments>
            <argument name="collections" xsi:type="array">
                <item name="nikunj_checkoutcustomform_avios_listing_data_source" xsi:type="string">Nikunj\CheckoutCustomForm\Model\ResourceModel\Avios\Grid\Collection</item>
            </argument>
        </arguments>
    </type>
    <virtualType name="Nikunj\CheckoutCustomForm\Model\ResourceModel\Avios\Grid\Collection" type="Magento\Framework\View\Element\UiComponent\DataProvider\SearchResult">
        <arguments>
            <argument name="mainTable" xsi:type="string">avios_data</argument>
            <argument name="resourceModel" xsi:type="string">Nikunj\CheckoutCustomForm\Model\ResourceModel\Avios</argument>
        </arguments>
    </virtualType>
</config>